{"name":"56f000cc-bd5a-4f33-acff-e7cadda64bfe","id":"/providers/Microsoft.Flow/flows/56f000cc-bd5a-4f33-acff-e7cadda64bfe","type":"Microsoft.Flow/flows","properties":{"apiId":"/providers/Microsoft.PowerApps/apis/shared_logicflows","displayName":"Message Center Planner Bucket Router","definition":{"metadata":{"workflowEntityId":null,"processAdvisorMetadata":null,"flowclientsuspensionreason":"None","flowclientsuspensiontime":null,"creator":{"id":"d05059dd-bd41-4bb7-94ab-8a7fa4deccfc","type":"User","tenantId":"cdcae3ff-a663-4732-9cf5-1e33db81acf1"},"provisioningMethod":"FromDefinition","failureAlertSubscription":true,"clientLastModifiedTime":"2021-08-04T19:48:54.2318791Z"},"$schema":"https://schema.management.azure.com/providers/Microsoft.Logic/schemas/2016-06-01/workflowdefinition.json#","contentVersion":"1.0.0.0","parameters":{"$connections":{"defaultValue":{},"type":"Object"},"$authentication":{"defaultValue":{},"type":"SecureObject"}},"triggers":{"When_a_new_task_is_created":{"recurrence":{"frequency":"Minute","interval":3},"splitOn":"@triggerOutputs()?['body/value']","type":"OpenApiConnection","inputs":{"host":{"apiId":"/providers/Microsoft.PowerApps/apis/shared_planner","connectionName":"shared_planner","operationId":"OnNewTask_V3"},"parameters":{"groupId":"ad85cd1b-78d2-4c18-ad3e-572c62117140","id":"ydWJSZ-twk-ax-_8TDFGPWQAEoR0"},"authentication":"@parameters('$authentication')"}}},"actions":{"List_buckets":{"runAfter":{"Get_task_details":["Succeeded"]},"type":"OpenApiConnection","inputs":{"host":{"apiId":"/providers/Microsoft.PowerApps/apis/shared_planner","connectionName":"shared_planner","operationId":"ListBuckets_V3"},"parameters":{"groupId":"ad85cd1b-78d2-4c18-ad3e-572c62117140","id":"ydWJSZ-twk-ax-_8TDFGPWQAEoR0"},"authentication":"@parameters('$authentication')"}},"Initialize_variable_to_store_task_reference_list_items":{"runAfter":{"List_of_contacts_per_product":["Succeeded"]},"type":"InitializeVariable","inputs":{"variables":[{"name":"referenceList","type":"array"}]}},"Initialize_variable_to_store_task_check_list_items":{"runAfter":{"Initialize_variable_to_store_task_reference_list_items":["Succeeded"]},"type":"InitializeVariable","inputs":{"variables":[{"name":"checkList","type":"array"}]}},"If_the_bucket_is_the_Incoming_bucket":{"actions":{"Extract_the_product_category":{"runAfter":{},"type":"Compose","inputs":"@replace(split(triggerOutputs()?['body/title'],']')[0],'[','')"},"Filter_the_buckets_list_to_get_the_bucket_name_equals_to_current_task_product":{"runAfter":{"If_no_category_extracted":["Succeeded"]},"type":"Query","inputs":{"from":"@outputs('List_buckets')?['body/value']","where":"@equals(item()?['name'], outputs('Extract_the_product_category'))"}},"If_no_bucket_equals_to_product_name_is_found":{"actions":{"Set_variable_2":{"runAfter":{},"type":"SetVariable","inputs":{"name":"bucketId","value":"IhMbBFTc1UCZm8ik3tTbnGQAKdQk"}}},"runAfter":{"Filter_the_buckets_list_to_get_the_bucket_name_equals_to_current_task_product":["Succeeded"]},"else":{"actions":{"Apply_to_each":{"foreach":"@body('Filter_the_buckets_list_to_get_the_bucket_name_equals_to_current_task_product')","actions":{"Set_variable":{"runAfter":{},"type":"SetVariable","inputs":{"name":"bucketId","value":"@items('Apply_to_each')?['id']"}}},"runAfter":{},"type":"Foreach"}}},"expression":{"equals":["@empty(body('Filter_the_buckets_list_to_get_the_bucket_name_equals_to_current_task_product'))","@true"]},"type":"If"},"Extract_published_date":{"runAfter":{"Extract_the_product_category":["Succeeded"]},"type":"Compose","inputs":"@trim(split(split(outputs('Get_task_details')?['body/description'],variables('CRLF'))[1],':')[1])"},"Extract_tags":{"runAfter":{"Extract_published_date":["Succeeded"]},"type":"Compose","inputs":"@if(contains(split(outputs('Get_task_details')?['body/description'],variables('CRLF'))[3],'Tags'),\r\n\tsplit(trim(split(split(outputs('Get_task_details')?['body/description'],variables('CRLF'))[3],':')[1]),','),\r\n\tif(contains(split(outputs('Get_task_details')?['body/description'],variables('CRLF'))[4],'Tags'),\r\n\tsplit(trim(split(split(outputs('Get_task_details')?['body/description'],variables('CRLF'))[4],':')[1]),','),\r\n\tfalse\r\n)\t\r\n)"},"If_no_tags_extracted":{"actions":{},"runAfter":{"Extract_category_list":["Succeeded"]},"else":{"actions":{"For_each_tag":{"foreach":"@outputs('Extract_tags')","actions":{"Append_to_array_variable":{"runAfter":{},"type":"AppendToArrayVariable","inputs":{"name":"tagsList","value":"@trim(items('For_each_tag'))"}}},"runAfter":{},"type":"Foreach"}}},"expression":{"equals":["@outputs('Extract_tags')","@false"]},"type":"If"},"Update_a_task_(V2)":{"runAfter":{"If_no_bucket_equals_to_product_name_is_found":["Succeeded"]},"type":"OpenApiConnection","inputs":{"host":{"apiId":"/providers/Microsoft.PowerApps/apis/shared_planner","connectionName":"shared_planner","operationId":"UpdateTask_V3"},"parameters":{"id":"@triggerOutputs()?['body/id']","body/dueDateTime":"@if(contains(variables('tagsList'), 'User impact'), addDays(utcNow(), 1, 'yyyy-MM-ddTHH:mm:ssZ'), null)","body/startDateTime":"@outputs('Extract_published_date')","body/bucketId":"@variables('bucketId')","body/appliedCategories/category1":"@if(contains(variables('tagsList'), 'Feature update'), True, False)","body/appliedCategories/category2":"@if(contains(variables('tagsList'), 'User impact'), True, False)","body/appliedCategories/category3":"@if(contains(variables('tagsList'), 'Major update'), True, False)","body/appliedCategories/category4":"@if(contains(variables('tagsList'), 'Retirement'), True, False)","body/appliedCategories/category5":"@if(contains(variables('tagsList'), 'New feature'), True, False)","body/appliedCategories/category6":"@if(contains(variables('tagsList'), 'Data privacy'), True, False)","body/appliedCategories/category7":"@if(contains(variables('tagsList'), 'Admin impact'), True, False)","body/appliedCategories/category8":"@if(contains(variables('categoryList'), 'Prevent or fix issues'), True, False)","body/appliedCategories/category9":"@if(contains(variables('categoryList'), 'Plan for change'), True, False)","body/appliedCategories/category10":"@if(contains(variables('categoryList'), 'Stay informed'), True, False)"},"retryPolicy":{"type":"exponential","count":90,"interval":"PT5S","minimumInterval":"PT5S","maximumInterval":"P1D"},"authentication":"@parameters('$authentication')"}},"Extract_category_list":{"runAfter":{"Extract_tags":["Succeeded"]},"type":"Compose","inputs":"@if(contains(split(outputs('Get_task_details')?['body/description'],variables('CRLF'))[2],'Category'),\r\n\ttrim(split(split(outputs('Get_task_details')?['body/description'],variables('CRLF'))[2],':')[1]),\r\n\tif(contains(split(outputs('Get_task_details')?['body/description'],variables('CRLF'))[3],'Category'),\r\n\ttrim(split(split(outputs('Get_task_details')?['body/description'],variables('CRLF'))[3],':')[1]),\r\n\tfalse\r\n)\t\r\n)"},"If_no_category_extracted":{"actions":{},"runAfter":{"If_no_tags_extracted":["Succeeded"]},"else":{"actions":{"Append_to_array_variable_2":{"runAfter":{},"type":"AppendToArrayVariable","inputs":{"name":"categoryList","value":"@trim(outputs('Extract_category_list'))"}}}},"expression":{"equals":["@outputs('Extract_category_list')","@false"]},"type":"If"},"Update_a_task":{"runAfter":{"Update_a_task_(V2)":["Succeeded"]},"type":"OpenApiConnection","inputs":{"host":{"apiId":"/providers/Microsoft.PowerApps/apis/shared_planner","connectionName":"shared_planner","operationId":"UpdateTask_V2"},"parameters":{"id":"@triggerOutputs()?['body/id']","body/assignments":"@if(\r\ncontains(outputs('Extract_the_product_category'),'Azure Information Protection'),split(variables('contacts')[0],':')[1],\r\n\tif(\r\n\t\tcontains(outputs('Extract_the_product_category'),'Basic Mobility & Security'),split(variables('contacts')[1],':')[1],\r\n\t\t\tif(\r\n\t\t\t\tcontains(outputs('Extract_the_product_category'),'Cloud App Security'),split(variables('contacts')[2],':')[1],\r\n\t\t\t\t\tif(\r\n\t\t\t\t\t\tcontains(outputs('Extract_the_product_category'),'Dynamics 365 Apps'),split(variables('contacts')[3],':')[1],\r\n\t\t\t\t\t\t\tif(\r\n\t\t\t\t\t\t\t\tcontains(outputs('Extract_the_product_category'),'Exchange Online'),split(variables('contacts')[4],':')[1],\r\n\t\t\t\t\t\t\t\t\tif(\r\n\t\t\t\t\t\t\t\t\t\tcontains(outputs('Extract_the_product_category'),'General announcement'),split(variables('contacts')[5],':')[1],\r\n\t\t\t\t\t\t\t\t\t\t\tif(\r\n\t\t\t\t\t\t\t\t\t\t\t\tcontains(outputs('Extract_the_product_category'),'Identity Service'),split(variables('contacts')[6],':')[1],\r\n\t\t\t\t\t\t\t\t\t\t\t\t\tif(\r\n\t\t\t\t\t\t\t\t\t\t\t\t\t\tcontains(outputs('Extract_the_product_category'),'Microsoft 365 Apps'),split(variables('contacts')[7],':')[1],\r\n\t\t\t\t\t\t\t\t\t\t\t\t\t\t\tif(\r\n\t\t\t\t\t\t\t\t\t\t\t\t\t\t\t\tcontains(outputs('Extract_the_product_category'),'Microsoft 365 suite'),split(variables('contacts')[8],':')[1],\r\n\t\t\t\t\t\t\t\t\t\t\t\t\t\t\t\t\tif(\r\n\t\t\t\t\t\t\t\t\t\t\t\t\t\t\t\t\t\tcontains(outputs('Extract_the_product_category'),'Microsoft Bookings'),split(variables('contacts')[9],':')[1],\r\n\t\t\t\t\t\t\t\t\t\t\t\t\t\t\t\t\t\t\tif(\r\n\t\t\t\t\t\t\t\t\t\t\t\t\t\t\t\t\t\t\t\tcontains(outputs('Extract_the_product_category'),'Microsoft Defender for Endpoint'),split(variables('contacts')[10],':')[1],\r\n\t\t\t\t\t\t\t\t\t\t\t\t\t\t\t\t\t\t\t\t\tif(\r\n\t\t\t\t\t\t\t\t\t\t\t\t\t\t\t\t\t\t\t\t\t\tcontains(outputs('Extract_the_product_category'),'Microsoft Forms'),split(variables('contacts')[11],':')[1],\r\n\t\t\t\t\t\t\t\t\t\t\t\t\t\t\t\t\t\t\t\t\t\t\tif(\r\n\t\t\t\t\t\t\t\t\t\t\t\t\t\t\t\t\t\t\t\t\t\t\t\tcontains(outputs('Extract_the_product_category'),'Microsoft Intune'),split(variables('contacts')[12],':')[1],\r\n\t\t\t\t\t\t\t\t\t\t\t\t\t\t\t\t\t\t\t\t\t\t\t\t\tif(\r\n\t\t\t\t\t\t\t\t\t\t\t\t\t\t\t\t\t\t\t\t\t\t\t\t\t\tcontains(outputs('Extract_the_product_category'),'Microsoft Kaizala'),split(variables('contacts')[13],':')[1],\r\n\t\t\t\t\t\t\t\t\t\t\t\t\t\t\t\t\t\t\t\t\t\t\t\t\t\t\tif(\r\n\t\t\t\t\t\t\t\t\t\t\t\t\t\t\t\t\t\t\t\t\t\t\t\t\t\t\t\tcontains(outputs('Extract_the_product_category'),'Microsoft Power Automate'),split(variables('contacts')[14],':')[1],\r\n\t\t\t\t\t\t\t\t\t\t\t\t\t\t\t\t\t\t\t\t\t\t\t\t\t\t\t\t\tif(\r\n\t\t\t\t\t\t\t\t\t\t\t\t\t\t\t\t\t\t\t\t\t\t\t\t\t\t\t\t\t\tcontains(outputs('Extract_the_product_category'),'Microsoft Power Automate in Microsoft 365'),split(variables('contacts')[15],':')[1],\r\n\t\t\t\t\t\t\t\t\t\t\t\t\t\t\t\t\t\t\t\t\t\t\t\t\t\t\t\t\t\t\tif(\r\n\t\t\t\t\t\t\t\t\t\t\t\t\t\t\t\t\t\t\t\t\t\t\t\t\t\t\t\t\t\t\t\tcontains(outputs('Extract_the_product_category'),'Microsoft Teams'),split(variables('contacts')[16],':')[1],\r\n\t\t\t\t\t\t\t\t\t\t\t\t\t\t\t\t\t\t\t\t\t\t\t\t\t\t\t\t\t\t\t\t\tif(\r\n\t\t\t\t\t\t\t\t\t\t\t\t\t\t\t\t\t\t\t\t\t\t\t\t\t\t\t\t\t\t\t\t\t\tcontains(outputs('Extract_the_product_category'),'Office for the web'),split(variables('contacts')[17],':')[1],\r\n\t\t\t\t\t\t\t\t\t\t\t\t\t\t\t\t\t\t\t\t\t\t\t\t\t\t\t\t\t\t\t\t\t\t\tif(\r\n\t\t\t\t\t\t\t\t\t\t\t\t\t\t\t\t\t\t\t\t\t\t\t\t\t\t\t\t\t\t\t\t\t\t\t\tcontains(outputs('Extract_the_product_category'),'OneDrive for Business'),split(variables('contacts')[18],':')[1],\r\n\t\t\t\t\t\t\t\t\t\t\t\t\t\t\t\t\t\t\t\t\t\t\t\t\t\t\t\t\t\t\t\t\t\t\t\t\tif(\r\n\t\t\t\t\t\t\t\t\t\t\t\t\t\t\t\t\t\t\t\t\t\t\t\t\t\t\t\t\t\t\t\t\t\t\t\t\t\tcontains(outputs('Extract_the_product_category'),'Planner'),split(variables('contacts')[19],':')[1],\r\n\t\t\t\t\t\t\t\t\t\t\t\t\t\t\t\t\t\t\t\t\t\t\t\t\t\t\t\t\t\t\t\t\t\t\t\t\t\t\tif(\r\n\t\t\t\t\t\t\t\t\t\t\t\t\t\t\t\t\t\t\t\t\t\t\t\t\t\t\t\t\t\t\t\t\t\t\t\t\t\t\t\tcontains(outputs('Extract_the_product_category'),'Power Apps'),split(variables('contacts')[20],':')[1],\r\n\t\t\t\t\t\t\t\t\t\t\t\t\t\t\t\t\t\t\t\t\t\t\t\t\t\t\t\t\t\t\t\t\t\t\t\t\t\t\t\t\tif(\r\n\t\t\t\t\t\t\t\t\t\t\t\t\t\t\t\t\t\t\t\t\t\t\t\t\t\t\t\t\t\t\t\t\t\t\t\t\t\t\t\t\t\tcontains(outputs('Extract_the_product_category'),'Power Apps in Microsoft 365'),split(variables('contacts')[21],':')[1],\r\n\t\t\t\t\t\t\t\t\t\t\t\t\t\t\t\t\t\t\t\t\t\t\t\t\t\t\t\t\t\t\t\t\t\t\t\t\t\t\t\t\t\t\tif(\r\n\t\t\t\t\t\t\t\t\t\t\t\t\t\t\t\t\t\t\t\t\t\t\t\t\t\t\t\t\t\t\t\t\t\t\t\t\t\t\t\t\t\t\t\tcontains(outputs('Extract_the_product_category'),'Power BI'),split(variables('contacts')[22],':')[1],\r\n\t\t\t\t\t\t\t\t\t\t\t\t\t\t\t\t\t\t\t\t\t\t\t\t\t\t\t\t\t\t\t\t\t\t\t\t\t\t\t\t\t\t\t\t\tif(\r\n\t\t\t\t\t\t\t\t\t\t\t\t\t\t\t\t\t\t\t\t\t\t\t\t\t\t\t\t\t\t\t\t\t\t\t\t\t\t\t\t\t\t\t\t\t\tcontains(outputs('Extract_the_product_category'),'Privileged Access'),split(variables('contacts')[23],':')[1],\r\n\t\t\t\t\t\t\t\t\t\t\t\t\t\t\t\t\t\t\t\t\t\t\t\t\t\t\t\t\t\t\t\t\t\t\t\t\t\t\t\t\t\t\t\t\t\t\tif(\r\n\t\t\t\t\t\t\t\t\t\t\t\t\t\t\t\t\t\t\t\t\t\t\t\t\t\t\t\t\t\t\t\t\t\t\t\t\t\t\t\t\t\t\t\t\t\t\t\tcontains(outputs('Extract_the_product_category'),'SharePoint Online'),split(variables('contacts')[24],':')[1],\r\n\t\t\t\t\t\t\t\t\t\t\t\t\t\t\t\t\t\t\t\t\t\t\t\t\t\t\t\t\t\t\t\t\t\t\t\t\t\t\t\t\t\t\t\t\t\t\t\t\tif(\r\n\t\t\t\t\t\t\t\t\t\t\t\t\t\t\t\t\t\t\t\t\t\t\t\t\t\t\t\t\t\t\t\t\t\t\t\t\t\t\t\t\t\t\t\t\t\t\t\t\t\tcontains(outputs('Extract_the_product_category'),'Skype for Business'),split(variables('contacts')[25],':')[1],\r\n\t\t\t\t\t\t\t\t\t\t\t\t\t\t\t\t\t\t\t\t\t\t\t\t\t\t\t\t\t\t\t\t\t\t\t\t\t\t\t\t\t\t\t\t\t\t\t\t\t\t\tif(\r\n\t\t\t\t\t\t\t\t\t\t\t\t\t\t\t\t\t\t\t\t\t\t\t\t\t\t\t\t\t\t\t\t\t\t\t\t\t\t\t\t\t\t\t\t\t\t\t\t\t\t\t\tcontains(outputs('Extract_the_product_category'),'Stream'),split(variables('contacts')[26],':')[1],\r\n\t\t\t\t\t\t\t\t\t\t\t\t\t\t\t\t\t\t\t\t\t\t\t\t\t\t\t\t\t\t\t\t\t\t\t\t\t\t\t\t\t\t\t\t\t\t\t\t\t\t\t\t\tif(\r\n\t\t\t\t\t\t\t\t\t\t\t\t\t\t\t\t\t\t\t\t\t\t\t\t\t\t\t\t\t\t\t\t\t\t\t\t\t\t\t\t\t\t\t\t\t\t\t\t\t\t\t\t\t\tcontains(outputs('Extract_the_product_category'),'Sway'),split(variables('contacts')[27],':')[1],split(variables('contacts')[28],':')[1]\r\n\t\t\t\t\t\t\t\t\t\t\t\t\t\t\t\t\t\t\t\t\t\t\t\t\t\t\t\t\t\t\t\t\t\t\t\t\t\t\t\t\t\t\t\t\t\t\t\t\t\t\t\t\t)\r\n\t\t\t\t\t\t\t\t\t\t\t\t\t\t\t\t\t\t\t\t\t\t\t\t\t\t\t\t\t\t\t\t\t\t\t\t\t\t\t\t\t\t\t\t\t\t\t\t\t\t\t)\r\n\t\t\t\t\t\t\t\t\t\t\t\t\t\t\t\t\t\t\t\t\t\t\t\t\t\t\t\t\t\t\t\t\t\t\t\t\t\t\t\t\t\t\t\t\t\t\t\t\t)\r\n\t\t\t\t\t\t\t\t\t\t\t\t\t\t\t\t\t\t\t\t\t\t\t\t\t\t\t\t\t\t\t\t\t\t\t\t\t\t\t\t\t\t\t\t\t\t\t)\r\n\t\t\t\t\t\t\t\t\t\t\t\t\t\t\t\t\t\t\t\t\t\t\t\t\t\t\t\t\t\t\t\t\t\t\t\t\t\t\t\t\t\t\t\t\t)\r\n\t\t\t\t\t\t\t\t\t\t\t\t\t\t\t\t\t\t\t\t\t\t\t\t\t\t\t\t\t\t\t\t\t\t\t\t\t\t\t\t\t\t\t)\r\n\t\t\t\t\t\t\t\t\t\t\t\t\t\t\t\t\t\t\t\t\t\t\t\t\t\t\t\t\t\t\t\t\t\t\t\t\t\t\t\t\t)\r\n\t\t\t\t\t\t\t\t\t\t\t\t\t\t\t\t\t\t\t\t\t\t\t\t\t\t\t\t\t\t\t\t\t\t\t\t\t\t\t)\r\n\t\t\t\t\t\t\t\t\t\t\t\t\t\t\t\t\t\t\t\t\t\t\t\t\t\t\t\t\t\t\t\t\t\t\t\t\t)\r\n\t\t\t\t\t\t\t\t\t\t\t\t\t\t\t\t\t\t\t\t\t\t\t\t\t\t\t\t\t\t\t\t\t\t\t)\r\n\t\t\t\t\t\t\t\t\t\t\t\t\t\t\t\t\t\t\t\t\t\t\t\t\t\t\t\t\t\t\t\t\t)\r\n\t\t\t\t\t\t\t\t\t\t\t\t\t\t\t\t\t\t\t\t\t\t\t\t\t\t\t\t\t\t\t)\r\n\t\t\t\t\t\t\t\t\t\t\t\t\t\t\t\t\t\t\t\t\t\t\t\t\t\t\t\t\t)\r\n\t\t\t\t\t\t\t\t\t\t\t\t\t\t\t\t\t\t\t\t\t\t\t\t\t\t\t)\r\n\t\t\t\t\t\t\t\t\t\t\t\t\t\t\t\t\t\t\t\t\t\t\t\t\t)\r\n\t\t\t\t\t\t\t\t\t\t\t\t\t\t\t\t\t\t\t\t\t\t\t)\r\n\t\t\t\t\t\t\t\t\t\t\t\t\t\t\t\t\t\t\t\t\t)\r\n\t\t\t\t\t\t\t\t\t\t\t\t\t\t\t\t\t\t\t)\r\n\t\t\t\t\t\t\t\t\t\t\t\t\t\t\t\t\t)\r\n\t\t\t\t\t\t\t\t\t\t\t\t\t\t\t)\r\n\t\t\t\t\t\t\t\t\t\t\t\t\t)\r\n\t\t\t\t\t\t\t\t\t\t\t)\r\n\t\t\t\t\t\t\t\t\t)\r\n\t\t\t\t\t\t\t)\r\n\t\t\t\t\t)\r\n\t\t\t)\r\n\t)\r\n)"},"retryPolicy":{"type":"exponential","count":90,"interval":"PT5S","minimumInterval":"PT5S","maximumInterval":"P1D"},"authentication":"@parameters('$authentication')"}}},"runAfter":{"Initialize_variable_to_store_bucket_id":["Succeeded"]},"expression":{"equals":["@triggerOutputs()?['body/bucketId']","LPCVr3sNWkawJsb0ctoOo2QAEqhe"]},"type":"If"},"Get_task_details":{"runAfter":{"Delay":["Succeeded"]},"type":"OpenApiConnection","inputs":{"host":{"apiId":"/providers/Microsoft.PowerApps/apis/shared_planner","connectionName":"shared_planner","operationId":"GetTaskDetails_V2"},"parameters":{"id":"@triggerOutputs()?['body/id']"},"authentication":"@parameters('$authentication')"}},"Define_line_break_char_variable":{"runAfter":{"Initialize_variable_to_store_category_list":["Succeeded"]},"type":"InitializeVariable","inputs":{"variables":[{"name":"CRLF","type":"string","value":"\n"}]}},"Initialize_variable_to_store_tags_list":{"runAfter":{"Initialize_variable_to_store_task_check_list_items":["Succeeded"]},"type":"InitializeVariable","inputs":{"variables":[{"name":"tagsList","type":"array"}]}},"Delay":{"runAfter":{},"type":"Wait","inputs":{"interval":{"count":"@rand(5,7)","unit":"Second"}}},"Initialize_variable_to_store_bucket_id":{"runAfter":{"Define_line_break_char_variable":["Succeeded"]},"type":"InitializeVariable","inputs":{"variables":[{"name":"bucketId","type":"string"}]}},"Initialize_variable_to_store_category_list":{"runAfter":{"Initialize_variable_to_store_tags_list":["Succeeded"]},"type":"InitializeVariable","inputs":{"variables":[{"name":"categoryList","type":"array"}]}},"List_of_contacts_per_product":{"runAfter":{"List_buckets":["Succeeded"]},"type":"InitializeVariable","inputs":{"variables":[{"name":"contacts","type":"array","value":["Azure Information Protection:user1@thefoggi.com;user2@thefoggi.com","Basic Mobility & Security: user3@thefoggi.com;user4@thefoggi.com","Cloud App Security:user3@thefoggi.com;user4@thefoggi.com","Dynamics 365 Apps:user3@thefoggi.com;user4@thefoggi.com","Exchange Online:user3@thefoggi.com;user4@thefoggi.com","General announcement:user3@thefoggi.com;user4@thefoggi.com","Identity Service:user3@thefoggi.com;user4@thefoggi.com","Microsoft 365 Apps:user3@thefoggi.com;user4@thefoggi.com","Microsoft 365 suite:user3@thefoggi.com;user4@thefoggi.com","Microsoft Bookings:user3@thefoggi.com;user4@thefoggi.com","Microsoft Defender for Endpoint:user3@thefoggi.com;user4@thefoggi.com","Microsoft Forms:user3@thefoggi.com;user4@thefoggi.com","Microsoft Intune:user3@thefoggi.com;user4@thefoggi.com","MIcrosoft Kaizala:user3@thefoggi.com;user4@thefoggi.com","Microsoft Power Automate:user3@thefoggi.com;user4@thefoggi.com","Microsoft Power Automate in Microsoft 365:user3@thefoggi.com;user4@thefoggi.com","Microsoft Teams:user3@thefoggi.com;user4@thefoggi.com","Office for the web:user3@thefoggi.com;user4@thefoggi.com","OneDrive for Business:user3@thefoggi.com;user4@thefoggi.com","Planner:user3@thefoggi.com;user4@thefoggi.com","Power Apps:user3@thefoggi.com;user4@thefoggi.com","Power Apps in Microsoft 365:user3@thefoggi.com;user4@thefoggi.com","`Power BI:user3@thefoggi.com;user4@thefoggi.com","Privileged Access:user3@thefoggi.com;user4@thefoggi.com","SharePoint Online:user3@thefoggi.com;user4@thefoggi.com","Skype for Business:user3@thefoggi.com;user4@thefoggi.com","Stream:user3@thefoggi.com;user4@thefoggi.com","Sway:user3@thefoggi.com;user4@thefoggi.com","Yammer:user3@thefoggi.com;user4@thefoggi.com"]}]}}}},"connectionReferences":{"shared_planner":{"connectionName":"shared-planner-117f03ee-3801-4c60-bacf-9f53-d8943e5f","source":"Embedded","id":"/providers/Microsoft.PowerApps/apis/shared_planner","tier":"NotSpecified"}},"flowFailureAlertSubscribed":false}}